,Date,Forecasted_Revenue,Lower_Bound,Upper_Bound,Forecasted_Net_Income
0,1/1/2015,6972671,2132008.933,11758475.92,2742836
1,1/2/2015,6751394,2340378.228,11641489.61,2354001
2,1/3/2015,7290383,2666307.742,12038403.85,2726996
3,1/4/2015,7394656,2529848.626,12135425.3,2220125
4,1/5/2015,6697088,2110183.942,11401135.5,2499112
5,1/6/2015,7150671,2354553.733,11415396.79,2081031
6,1/7/2015,6854353,2534075.547,11721388.04,2373828
7,1/8/2015,6575781,2183916.556,11109133.6,2354799
8,1/9/2015,6470520,1891779.277,11060829.35,1978125
9,1/10/2015,7129323,2676834.138,11884784.68,2373731
10,1/11/2015,7355156,2796252.853,11807716.84,1899211
11,1/12/2015,6778833,2464600.559,11318174.55,2219360
12,1/13/2015,7351306,2316409.059,12235428.33,1850131
13,1/14/2015,7169546,2627352.45,11967960.81,2198187
14,1/15/2015,6999318,2227351.775,11411822.77,2239415
15,1/16/2015,6994424,2428329.976,11718502.27,1926492
16,1/17/2015,7744009,3241260.263,12609520.96,2387789
17,1/18/2015,8049610,3556318.505,12496115.18,1979332
18,1/19/2015,7540810,2996234.511,11911986.9,2364369
19,1/20/2015,8167552,3738949.872,12959152.85,2057368
20,1/21/2015,8026030,3101250.347,12906539.49,2463599
21,1/22/2015,7881474,3123279.735,12606338.74,2557684
22,1/23/2015,7887409,3642473,12930990.59,2291185
23,1/24/2015,8632951,3821767.732,13702126.48,2791535
24,1/25/2015,8919864,4258133.999,13375645.78,2414018
25,1/26/2015,8378205,4095439.89,13249103.48,2821341
26,1/27/2015,8958631,4308677.665,13392859.16,2527652
27,1/28/2015,8758103,4217734.926,13641539.8,2938113
28,1/29/2015,8543170,4152341.36,13389021.65,3027450
29,1/30/2015,8468694,3847357.519,13135084.85,2747539
30,1/31/2015,9125297,4613107.966,13609364.36,3226314
31,2/1/2015,9316388,4934103.227,14139639.29,2819735
32,2/2/2015,8673785,3962654.835,13214571.94,3191341
33,2/3/2015,9149988,4483275.28,13793677.31,2856234
34,2/4/2015,8844026,4132744.297,13425032.34,3220639
35,2/5/2015,8524195,3967499.207,12986487.5,3260414
36,2/6/2015,8347261,3624902.212,12932152.98,2928612
37,2/7/2015,8905705,4596795.31,13658983.36,3354359
38,2/8/2015,9004719,4034503.183,13473563.81,2894790
39,2/9/2015,8277794,3593225.026,12570736.68,3214580
40,2/10/2015,8678961,4011335.212,13650141.53,2829899
41,2/11/2015,8308616,3497855.209,12600033.87,3147946
42,2/12/2015,7936228,3287005.351,12767888.06,3145447
43,2/13/2015,7719518,2904256.114,12743546.76,2776190
44,2/14/2015,8251691,3798764.353,12875910.2,3169901
45,2/15/2015,8338411,3635160.544,13311272.46,2684162
46,2/16/2015,7613378,3057433.107,12171137.27,2983941
47,2/17/2015,8030568,3372086.379,12754876.75,2585547
48,2/18/2015,7690052,3254674.918,12146913.84,2896166
49,2/19/2015,7360708,2633060.632,11982710.05,2892362
50,2/20/2015,7199409,2646907.969,11772837.07,2527630
51,2/21/2015,7798267,3469328.818,12534466.6,2931276
52,2/22/2015,7961509,3392766.077,12659619.48,2460358
53,2/23/2015,7321436,2578376.575,12092675.51,2779228
54,2/24/2015,7830330,2899323.166,12464319.74,2403507
55,2/25/2015,7586423,2796934.585,12151930.14,2739646
56,2/26/2015,7356645,3037655.756,11748310.64,2763439
57,2/27/2015,7295851,3061336.34,11968189.29,2427603
58,2/28/2015,7994102,3384691.546,12912569.9,2860674
59,3/1/2015,8253702,3642436.804,13098953.9,2418967
60,3/2/2015,7704843,3096983.596,12294805.34,2766138
61,3/3/2015,8297905,3587571.876,13071437.93,2417168
62,3/4/2015,8129354,3384946.386,13180165.14,2777941
63,3/5/2015,7964522,3331811.138,12632293.54,2823769
64,3/6/2015,7956871,3612098.191,12789320.9,2506974
65,3/7/2015,8695309,4074941.145,13483578.87,2955795
66,3/8/2015,8981245,4588140.317,13743308.76,2526347
67,3/9/2015,8444263,3609028.065,12994524.81,2882183
68,3/10/2015,9034439,4135319.237,13649198.87,2538280
69,3/11/2015,8848241,4294733.999,13572654.59,2900606
70,3/12/2015,8651319,4060744.498,13142378.45,2944642
71,3/13/2015,8597763,3715508.95,13137538.37,2622956
72,3/14/2015,9277404,4597436.902,13885013.53,3064097
73,3/15/2015,9492863,4673431.67,14087242.36,2624548
74,3/16/2015,8875187,4277728.452,13551052.22,2968270
75,3/17/2015,9376145,4554758.464,13841304.67,2610683
76,3/18/2015,9094091,4543803.385,13930521.12,2958213
77,3/19/2015,8796713,3959923.224,13249606.48,2986812
78,3/20/2015,8640197,4181155.606,12914847.9,2649511
79,3/21/2015,9216630,4548481.12,13936099.91,3075308
80,3/22/2015,9330849,4799117.988,13942632.48,2621112
81,3/23/2015,8616082,4120877.012,13153759.14,2951278
82,3/24/2015,9026192,4060904.107,13472873.5,2581579
83,3/25/2015,8661487,3936387.011,12913572.16,2918751
84,3/26/2015,8291432,3672290.627,12560475.72,2939001
85,3/27/2015,8073815,3481081.018,12832748.12,2595568
86,3/28/2015,8601969,3749168.546,13431650.31,3017602
87,3/29/2015,8681735,3968020.537,13706867.01,2562106
88,3/30/2015,7947032,3402808.545,12402006.88,2893477
89,3/31/2015,8352080,3776147.06,13111553.39,2527479
90,4/1/2015,7997207,3504814.646,13067242.76,2870785
91,4/2/2015,7651551,2893427.581,11939408.09,2899498
92,4/3/2015,7472241,2818824.777,11975482.62,2566706
93,4/4/2015,8051629,3395440.17,12543206.29,3001372
94,4/5/2015,8194278,3660454.528,12810183.4,2560280
95,4/6/2015,7532560,3032514.019,12194946.37,2907578
96,4/7/2015,8018915,3381925.986,12878455.76,2558756
97,4/8/2015,7751703,3331293.999,12601299.03,2920200
98,4/9/2015,7497952,2759376.336,12214898.91,2967706
99,4/10/2015,7412589,2759455.155,12399682.29,2654050
100,4/11/2015,8085725,3850940.661,12825245.72,3107876
101,4/12/2015,8319698,3656048.707,13011700.21,2685648
102,4/13/2015,7744724,3137962.603,12478495.33,3051200
103,4/14/2015,8311210,3902981.055,13072901.08,2719713
104,4/15/2015,8115653,3427948.44,12857764.58,3097272
105,4/16/2015,7923438,3086735.724,12438880.73,3159389
106,4/17/2015,7888102,3353076.246,12472098.11,2858570
107,4/18/2015,8598657,4258816.277,13523333.31,3323212
108,4/19/2015,8856660,3819779.829,13497779.44,2909552
109,4/20/2015,8291880,3163258.776,12989988.15,3281223
110,4/21/2015,8854623,4187743.85,13636705.5,2953235
111,4/22/2015,8641629,4394996.963,13143894.26,3331533
112,4/23/2015,8418865,3565857.46,12854901.46,3391523
113,4/24/2015,8340772,3926222.801,12844652.37,3085644
114,4/25/2015,8997566,4411110.889,13571706.87,3542262
115,4/26/2015,9192271,4358328.955,13971490.03,3117629
116,4/27/2015,8556350,3813620.189,13449025.4,3475434
117,4/28/2015,9041985,4540102.631,13756563.7,3130788
118,4/29/2015,8747929,4014520.702,13668011.9,3489787
119,4/30/2015,8442236,3141536.715,13042938.92,3528032
120,5/1/2015,8281466,3561507.278,12890955.08,3198203
121,5/2/2015,8857919,4146291.279,13349719.26,3628953
122,5/3/2015,8976624,4343723.63,13525270.99,3176863
123,5/4/2015,8270911,3819562.822,12860549.89,3505994
124,5/5/2015,8694647,3703052.116,13727669.51,3131863
125,5/6/2015,8348043,4045093.631,12944947.92,3460999
126,5/7/2015,8000348,3603600.536,12174917.29,3469465
127,5/8/2015,7809021,3096203.826,12359410.66,3110418
128,5/9/2015,8366950,3843900.45,13002137.68,3513000
129,5/10/2015,8479419,4042113.706,13455829.64,3034278
130,5/11/2015,7779684,2842659.366,12401518,3338791
131,5/12/2015,8221207,3292776.127,13068794.36,2942514
132,5/13/2015,7903479,3266675.387,12869613.45,3252409
133,5/14/2015,7594735,3016243.109,12469898.25,3244930
134,5/15/2015,7451161,2424841.257,11936160.48,2873577
135,5/16/2015,8064141,3344087.198,12553786.34,3267774
136,5/17/2015,8237273,3611120.505,12759830.78,2784809
137,5/18/2015,7601995,2995469.215,12096609.98,3089364
138,5/19/2015,8109862,3723566.412,12748071.46,2697480
139,5/20/2015,7858434,3214596.984,12584224.91,3016098
140,5/21/2015,7614037,3169908.439,12507365.81,3021563
141,5/22/2015,7531025,2738649.59,11870919.3,2667181
142,5/23/2015,8199084,3201176.769,12630993.34,3082094
143,5/24/2015,8420290,3652954.518,12863446.2,2623222
144,5/25/2015,7824776,3033315.384,12416554.37,2954802
145,5/26/2015,8363055,3907793.88,13210656.62,2592356
146,5/27/2015,8131926,3401810.327,12740730.4,2942248
147,5/28/2015,7897263,3342828.685,12631084.35,2980193
148,5/29/2015,7813288,3051169.588,12421499.99,2658827
149,5/30/2015,8469876,3932191.645,13392703.12,3106600
150,5/31/2015,8669609,4114385.671,13497978.19,2679730
151,6/1/2015,8043430,3507269.967,12721795.95,3041757
152,6/2/2015,8542940,3902121.274,13128694.33,2707533
153,6/3/2015,8266270,3599806.234,12662075.36,3082784
154,6/4/2015,7980838,3285676.117,12808496.68,3142647
155,6/5/2015,7842573,3501480.956,12537315.16,2839244
156,6/6/2015,8443170,3613781.145,12673366.07,3300594
157,6/7/2015,8587095,4105445.579,13313057.95,2882579
158,6/8/2015,7907180,3224582.451,12635098.39,3248504
159,6/9/2015,8356865,3698051.516,12610324.5,2913094
160,6/10/2015,8036020,2874380.678,12860564.78,3282066
161,6/11/2015,7713647,2828147.235,12217779.78,3330660
162,6/12/2015,7547057,2642337.865,12404955.01,3011218
163,6/13/2015,8129085,3162042.657,12630604.32,3452092
164,6/14/2015,8265056,3764929.744,13014655.52,3009596
165,6/15/2015,7588357,3087754.374,12209087.22,3347566
166,6/16/2015,8052660,3181840.441,12339039.29,2981339
167,6/17/2015,7757731,3354833.047,12486385.45,3317312
168,6/18/2015,7472135,2841839.527,11908583.93,3331457
169,6/19/2015,7352418,2578397.214,11902051.48,2976883
170,6/20/2015,7990346,3340122.093,12704055.86,3382723
171,6/21/2015,8189897,3619960.519,12844675.73,2906067
172,6/22/2015,7582866,2896570.885,12141693.61,3211505
173,6/23/2015,8121132,3456089.987,12322742.85,2815086
174,6/24/2015,7902516,2937220.362,12185884.7,3123854
175,6/25/2015,7693541,2833108.154,12310868.78,3114352
176,6/26/2015,7648668,3139277.558,12225739.92,2740170
177,6/27/2015,8357594,3935905.564,12748616.37,3130811
178,6/28/2015,8622304,3773222.135,13000130.1,2643625
179,6/29/2015,8072731,3727943.661,12404319.47,2943338
180,6/30/2015,8659076,3908296.648,13105861.35,2546007
181,7/1/2015,8477717,3539865.929,13410904.85,2858561
182,7/2/2015,8294009,3393774.558,12700671.24,2857307
183,7/3/2015,8261558,3869307.05,12655376.37,2495475
184,7/4/2015,8969543,3829642.643,13662379.74,2902109
185,7/5/2015,9219788,4514229.901,13998534.34,2434002
186,7/6/2015,8642429,3824988.855,13249348.1,2755244
187,7/7/2015,9188231,4330000.662,13608457.71,2381193
188,7/8/2015,8954487,4364463.367,13543515.79,2718041
189,7/9/2015,8707795,4316073.841,13350989.26,2741330
190,7/10/2015,8603298,3725219.172,13077781.48,2403529
191,7/11/2015,9231974,4391999.75,13908012.04,2832938
192,7/12/2015,9397650,5137687.059,13737654.86,2385649
193,7/13/2015,8732626,3680946.967,13752060.96,2725109
194,7/14/2015,9189929,4370897.803,14024772.82,2366119
195,7/15/2015,8869151,4330235.385,13420376.36,2714402
196,7/16/2015,8539165,3621332.618,13161415.62,2745144
197,7/17/2015,8357303,3500339.068,12930956.31,2410574
198,7/18/2015,8916584,4270500.033,13329222.73,2838884
199,7/19/2015,9022675,4321023.542,13711935.04,2386182
200,7/20/2015,8309455,3934719.377,12935330.5,2716066
201,7/21/2015,8731238,4287525.413,13492528.52,2343613
202,7/22/2015,8388561,3626879.495,13048819.37,2674940
203,7/23/2015,8050880,3433702.875,12224463.97,2685739
204,7/24/2015,7875727,3400064.547,12603741.35,2328840
205,7/25/2015,8455931,3658746.563,12981381.87,2733110
206,7/26/2015,8596582,3646600.234,13105261.06,2255398
207,7/27/2015,7930612,3624243.979,13179428.06,2560080
208,7/28/2015,8411033,4186572.129,13456651.48,2163027
209,7/29/2015,8136768,3558721.056,12640850.59,2471149
210,7/30/2015,7875385,3553649.508,12727090.92,2460898
211,7/31/2015,7782306,3489296.228,12466547.42,2085820
212,8/1/2015,8448082,3557191.828,12916394.94,2475429
213,8/2/2015,8675421,3956560.006,13536207.59,1987129
214,8/3/2015,8094830,3267518.375,13019146.24,2285751
215,8/4/2015,8656924,4071003.364,13266244.58,1887501
216,8/5/2015,8458322,4013284.971,13023673.93,2199497
217,8/6/2015,8264439,3694643.216,13008621.13,2198269
218,8/7/2015,8228760,3717214.659,13165085.3,1837301
219,8/8/2015,8940168,4016958.269,13504250.93,2245911
220,8/9/2015,9200017,4388480.849,13705128.16,1781179
221,8/10/2015,8637819,4105463.511,13321502.53,2107489
222,8/11/2015,9203573,4379340.504,13945945.21,1740492
223,8/12/2015,8993686,4357509.149,13834319.23,2086662
224,8/13/2015,8773772,4188383.022,13485228.05,2121803
225,8/14/2015,8697924,3827134.568,13165316.32,1798624
226,8/15/2015,9356024,4759180.491,13841025.22,2245632
227,8/16/2015,9550797,4920327.499,14277810.9,1819091
228,8/17/2015,8913454,4298186.245,13234361.11,2182576
229,8/18/2015,9395989,4548272.829,14081046.79,1850971
230,8/19/2015,9097035,4694578.118,14070759.85,2230036
231,8/20/2015,8784613,4143398.356,13925588.06,2294943
232,8/21/2015,8615334,3843765.282,13021505.96,1997863
233,8/22/2015,9181644,4652653.207,13656577.49,2466873
234,8/23/2015,9288810,4906038.439,13674288.69,2057931
235,8/24/2015,8570491,3604407.997,13328022.51,2434437
236,8/25/2015,8980967,4038020.235,14057084.38,2111231
237,8/26/2015,8620940,3955600.956,13253302.25,2494161
238,8/27/2015,8260214,3781185.919,12868187.86,2558620
239,8/28/2015,8056859,3231026.012,12814410.91,2257118
240,8/29/2015,8604405,3711234.642,13403365.5,2718182
241,8/30/2015,8708800,4089887.046,13055648.59,2298310
242,8/31/2015,8003963,3180968.298,12666583.88,2661519
243,9/1/2015,8443999,3686750.943,12751846.49,2323322
244,9/2/2015,8129001,3501024.393,12935415.55,2690268
245,9/3/2015,7827749,3278646.93,12688386.82,2738462
246,9/4/2015,7696892,3250209.618,12376802.07,2421106
247,9/5/2015,8328182,3743066.605,12931441.13,2867381
248,9/6/2015,8525474,3915443.662,13397844.27,2434375
249,9/7/2015,7920335,3218184.239,12642123.3,2786612
250,9/8/2015,8464318,3956754.043,13142971.23,2440005
251,9/9/2015,8254829,3694227.879,12890791.02,2801390
252,9/10/2015,8057900,3320441.171,12761631.25,2847023
253,9/11/2015,8027439,3635087.898,12551304.15,2530123
254,9/12/2015,8752540,4036754.284,13509244.14,2979744
255,9/13/2015,9034548,4289084.09,13897978.23,2552705
256,9/14/2015,8502740,3872522.292,13066475.78,2913129
257,9/15/2015,9106658,4293993.77,13637154.95,2576398
258,9/16/2015,8942028,4231343.893,13832579.56,2948712
259,9/17/2015,8773584,4357084.103,13212502.69,3005592
260,9/18/2015,8754346,3979812.458,13348725.6,2699457
261,9/19/2015,9472963,4551906.078,14499722.72,3158512
262,9/20/2015,9730788,5033166.32,14379379.61,2738710
263,9/21/2015,9157560,4539035.14,13714436.86,3103315
264,9/22/2015,9703726,5075851.424,14334588.78,2766894
265,9/23/2015,9466346,4772044.909,14190359.76,3134893
266,9/24/2015,9211876,4634395.226,13477897.96,3182181
267,9/25/2015,9095406,4470664.943,13504875.2,2860643
268,9/26/2015,9707953,4659026.508,14194156.53,3298097
269,9/27/2015,9853476,5475139.083,14682347.24,2850274
270,9/28/2015,9164487,4516277.266,13976958.99,3180394
271,9/29/2015,9594311,4748466.585,14392005.59,2803173
272,9/30/2015,9242913,4692970.618,13710150.6,3124404
273,10/1/2015,8879605,4298818.36,13554245.53,3119498
274,10/2/2015,8662218,3896680.021,13387435.72,2741075
275,10/3/2015,9184317,4587608.209,13821274.02,3117870
276,10/4/2015,9252158,4463660.964,13882117.08,2606692
277,10/5/2015,8500237,4001558.236,12899072.81,2871984
278,10/6/2015,8883499,3999225.631,13436891.38,2429801
279,10/7/2015,8503126,4054838.213,12869257.3,2687360
280,10/8/2015,8129209,3387933.607,12454242.95,2621548
281,10/9/2015,7919905,3120467.054,12214608.49,2186474
282,10/10/2015,8468639,3706707.492,13046891.05,2512335
283,10/11/2015,8581066,4120827.006,13142403.31,1957351
284,10/12/2015,7890636,3216862.992,12622322.8,2187273
285,10/13/2015,8350828,3607162.887,12854333.81,1719322
286,10/14/2015,8060972,3412720.582,12592394.84,1961711
287,10/15/2015,7788973,3497493.826,12473199.05,1892124
288,10/16/2015,7690519,3131637.685,12153701.69,1465233
289,10/17/2015,8356345,4010204.913,13136162.81,1811555
290,10/18/2015,8589261,3963402.883,13175237.28,1289353
291,10/19/2015,8019790,3195010.366,12460808.77,1564146
292,10/20/2015,8598473,3666722.088,12977513.11,1152648
293,10/21/2015,8421762,3618276.499,13181769.85,1462292
294,10/22/2015,8254820,3674447.586,13027748.42,1469712
295,10/23/2015,8250787,3625417.854,12757859.55,1128292
296,10/24/2015,8998118,4452584.812,13539952.05,1567035
297,10/25/2015,9297654,4810223.682,13996449.48,1142502
298,10/26/2015,8778316,4359918.337,13412738.37,1518354
299,10/27/2015,9389443,4535736.717,14198812.74,1209335
300,10/28/2015,9226718,4293501.138,13618086.33,1620834
301,10/29/2015,9054974,4308748.988,13757473.92,1727421
302,10/30/2015,9027482,4536726.454,13728727.64,1480435
303,10/31/2015,9733267,5157752.589,14317827.03,2006910
304,11/1/2015,9974177,5207300.895,14257770.58,1661553
305,11/2/2015,9380543,4928692.5,14069064.66,2106338
306,11/3/2015,9903479,5422597.172,14752564.8,1854524
307,11/4/2015,9640768,5045230.916,14422184.51,2310256
308,11/5/2015,9359616,4615778.698,14097413,2447137
309,11/6/2015,9215874,4479466.994,13905242.3,2215835
310,11/7/2015,9801298,5342066.907,14413235.14,2743032
311,11/8/2015,9920548,5659787.626,14546819.07,2383413
312,11/9/2015,9206776,4904016.022,13874152.17,2799258
313,11/10/2015,9613872,5146194.411,14670916.72,2504463
314,11/11/2015,9242267,4822164.16,14053582.15,2904126
315,11/12/2015,8861636,4292762.59,13623967.01,2973095
316,11/13/2015,8630057,3692923.152,13707583.04,2663554
317,11/14/2015,9141224,4399285.134,13827907.21,3103933
318,11/15/2015,9201401,4552878.143,14023393.36,2650860
319,11/16/2015,8444973,3728399.18,13105303.51,2968710
320,11/17/2015,8826668,4504460.544,13735549.17,2573574
321,11/18/2015,8447341,3692815.191,13326254.38,2872798
322,11/19/2015,8076676,3324267.187,12692800.1,2843476
323,11/20/2015,7872344,3387503.318,12766995.29,2439987
324,11/21/2015,8427231,3516100.815,13168353.14,2792849
325,11/22/2015,8546413,4007517.572,13210502.27,2260628
326,11/23/2015,7862743,3206019.901,12443567.27,2509438
327,11/24/2015,8329103,3800141.717,12749843.31,2056873
328,11/25/2015,8044250,3530077.778,12833141.33,2311506
329,11/26/2015,7775547,3433978.182,12396597.01,2251362
330,11/27/2015,7678199,3029459.824,12843701.19,1831424
331,11/28/2015,8342523,3661197.047,12961351.92,2182487
332,11/29/2015,8570991,3802318.094,13243375.63,1663049
333,11/30/2015,7993876,3018434.214,13174915.18,1938821
334,12/1/2015,8561561,3967128.901,13025760.86,1526670
335,12/2/2015,8370440,3634392.416,13061673.17,1834135
336,12/3/2015,8185707,3453389.294,13123345.65,1837926
337,12/4/2015,8160627,3769098.713,12870704.1,1491468
338,12/5/2015,8883860,4012446.788,13664307.04,1923784
339,12/6/2015,9156530,4268160.714,13973827.44,1491436
340,12/7/2015,8607900,3913150.335,13174998.84,1858084
341,12/8/2015,9187698,4474495.954,13896436.62,1538471
342,12/9/2015,8992030,4444621.116,13533818.49,1937997
343,12/10/2015,8786167,3955191.698,13632784.59,2031266
344,12/11/2015,8723820,4326455.314,13532659.98,1769677
345,12/12/2015,9394436,4795515.893,14169810.97,2280360
346,12/13/2015,9600255,4861198.72,14186613.08,1918159
347,12/14/2015,8971956,4320965.879,13505028.51,2345227
348,12/15/2015,9460946,4833341.356,14396077.83,2075047
349,12/16/2015,9165235,4858035.81,13646627.26,2512035
350,12/17/2015,8852185,3832659.067,13417016.34,2630104
351,12/18/2015,8677727,3956805.841,13222757.75,2380273
352,12/19/2015,9233624,4500886.486,13701663.33,2889603
353,12/20/2015,9324468,4557361.693,14043347.4,2513180
354,12/21/2015,8583278,4076799.874,13102867.26,2913702
355,12/22/2015,8963749,4076166.15,13365912.52,2605483
356,12/23/2015,8566073,4053712.254,13201224.96,2994028
357,12/24/2015,8159650,3765394.05,12807772.54,3054574
358,12/25/2015,7902267,3203708.937,12739355.54,2739658
359,12/26/2015,8387322,3778925.004,13103195.52,3178017
360,12/27/2015,8420797,4042498.985,13391625.38,2726530
361,12/28/2015,7636832,2982871.974,12017866.13,3049757
362,12/29/2015,7989953,3442101.98,12739526.27,2663895
363,12/30/2015,7580885,2849097.064,12232072.64,2976316
364,12/31/2015,7179255,2616563.098,12069601.99,2964053
365,1/1/2016,6942773,1800773.374,11736481.24,2581334
366,1/2/2016,7464459,2985680.21,12304562.66,2958439
367,1/3/2016,7549635,2827464.076,12250291.8,2453606
368,1/4/2016,6831505,2061402.166,11225616.06,2732543
369,1/5/2016,7263414,2513053.114,12193772.61,2312361
370,1/6/2016,6944680,2371145.907,11596993.54,2601089
371,1/7/2016,6643330,1830064.718,11091234.07,2576154
372,1/8/2016,6515309,2111249.245,11168010.08,2191905
373,1/9/2016,7151747,2838326.692,12229402.06,2578475
374,1/10/2016,7355978,2592609.74,11966525.66,2093698
375,1/11/2016,6759165,1988716.38,11495102.48,2402630
376,1/12/2016,7312590,2427201.406,12075019.92,2021505
377,1/13/2016,7113523,2423594.374,11563792,2357278
378,1/14/2016,6927996,2110559.651,11480119.06,2386128
379,1/15/2016,6910042,2297327.987,11716020.27,2061023
380,1/16/2016,7648999,2863369.095,12084339.49,2510615
381,1/17/2016,7946549,3530139.706,12451559.59,2091192
382,1/18/2016,7432381,2762701.757,11942203.31,2466240
383,1/19/2016,8056494,3027979.253,12433777.75,2150440
384,1/20/2016,7915092,3074370.859,12337863.37,2549240
385,1/21/2016,7773369,3045328.032,12147816.95,2637402
386,1/22/2016,7784766,3352936.392,12433794.42,2366594
387,1/23/2016,8538275,3966843.596,12883026.87,2864314
388,1/24/2016,8835489,4338791.454,13304101.41,2485864
389,1/25/2016,8306259,3572349.982,12847645.41,2893939
390,1/26/2016,8900998,4050935.032,13933525.45,2602627
391,1/27/2016,8716566,3823409.817,13214407.07,3017001
392,1/28/2016,8519038,4033908.667,13439130.17,3111662
393,1/29/2016,8462954,4005192.767,12792992.93,2838330
394,1/30/2016,9138598,4216794.833,13771521.63,3324763
395,1/31/2016,9349028,4781588.16,13977287.41,2926723
396,2/1/2016,8725708,4190453.85,13746048.12,3307535
397,2/2/2016,9220786,4414811.042,13785592.98,2982085
398,2/3/2016,8932946,4679230.558,13680940.31,3356370
399,2/4/2016,8630151,3704134.947,13299118.85,3406030
400,2/5/2016,8468856,3721845.81,12951062.81,3083904
401,2/6/2016,9041254,4514814.209,13722845.82,3518917
402,2/7/2016,9152280,4520364.654,14152285.51,3068020
403,2/8/2016,8435202,3591814.091,13101483.83,3395725
404,2/9/2016,8843868,4441338.749,13588727.84,3018062
405,2/10/2016,8478536,4054037.016,13136329.3,3342117
406,2/11/2016,8108577,3588178.598,12749293.92,3344530
407,2/12/2016,7891670,3063506.669,12851099.01,2979034
408,2/13/2016,8421020,3389236.076,12903417.3,3375326
409,2/14/2016,8502344,3858184.853,13434847.62,2890991
410,2/15/2016,7769447,3193708.379,12268646.26,3191026
411,2/16/2016,8176454,3271089.193,12278996.57,2791793
412,2/17/2016,7823632,3184045.6,12639678.81,3100556
413,2/18/2016,7480096,2866799.516,12166504.75,3093979
414,2/19/2016,7302998,2766296.595,11818639.23,2725670
415,2/20/2016,7884760,3039899.727,12271363.2,3125064
416,2/21/2016,8030067,3263535.595,13016275.3,2649357
417,2/22/2016,7371458,2828777.357,11942058.39,2963045
418,2/23/2016,7861590,2838019.974,12799487.51,2581897
419,2/24/2016,7599075,3206694.837,12386381.51,2912506
420,2/25/2016,7351222,2882148.738,11896972.35,2930807
421,2/26/2016,7273260,2757876.903,12270699.55,2589649
422,2/27/2016,7955606,3437693.617,12405605.98,3017687
423,2/28/2016,8200896,3503414.735,12821128.38,2571344
424,2/29/2016,7639625,2983362.467,12043161.87,2914364
425,3/1/2016,8222439,4076774.612,13195635.03,2561807
426,3/2/2016,8046025,3302469.287,12760881.96,2919611
427,3/3/2016,7875888,2892616.252,12548774.09,2963125
428,3/4/2016,7865613,2869053.847,12205581.09,2644692
429,3/5/2016,8604172,3779815.243,13140262.63,3092551
430,3/6/2016,8892982,4477886.076,13776531.92,2662803
431,3/7/2016,8361578,3563792.493,13035164.72,3018968
432,3/8/2016,8959924,4256022.97,13502928.37,2675979
433,3/9/2016,8784327,4188702.005,13470857.89,3039744
434,3/10/2016,8600216,3985415.802,13591906.96,3085677
435,3/11/2016,8561415,3716908.472,12921071.28,2766268
436,3/12/2016,9257446,4525232.603,13814307.37,3209984
437,3/13/2016,9490581,4749351.759,14425802.96,2773221
438,3/14/2016,8891491,4377000.918,13553414.59,3119854
439,3/15/2016,9411548,5009625.452,14127358.58,2765214
440,3/16/2016,9148693,4297816.638,13881091.51,3115644
441,3/17/2016,8870200,4274679.773,13591288.65,3147016
442,3/18/2016,8731896,3950819.461,13516950.33,2812286
443,3/19/2016,9325424,4915119.661,13911077.26,3240389
444,3/20/2016,9455253,4482803.241,14070870.79,2788173
445,3/21/2016,8754274,4319617.8,13401601,3119946
446,3/22/2016,9176051,4328750.455,13613596.16,2751442
447,3/23/2016,8820647,4217304.78,13194963.63,3089370
448,3/24/2016,8457328,3701813.743,13080558.59,3109918
449,3/25/2016,8243747,3873443.631,12773406.89,2766316
450,3/26/2016,8773161,4333392.144,13318660.06,3187716
451,3/27/2016,8851400,4191770.299,13473509.92,2731134
452,3/28/2016,8112434,3359067.325,12946395.61,3060985
453,3/29/2016,8510599,3910088.951,13138164.75,2693059
454,3/30/2016,8146399,3491558.882,12797028.46,3034067
455,3/31/2016,7789206,2772042.458,12534929.51,3060149
456,4/1/2016,7596431,3115744.797,12082145.03,2724441
457,4/2/2016,8160755,3243324.836,12825518.36,3155954
458,4/3/2016,8287105,3499713.069,13092248.84,2711525
459,4/4/2016,7608245,3115158.671,11881541.77,3055359
460,4/5/2016,8077028,3330174.226,12607728.32,2703004
461,4/6/2016,7792232,2990026.24,12507677.98,3060903
462,4/7/2016,7521304,2534092.478,11963824.95,3104911
463,4/8/2016,7419578,2839391.978,11847661.48,2787860
464,4/9/2016,8077547,3646986.968,12555980.86,3238453
465,4/10/2016,8297905,3440507.887,12848004.65,2813208
466,4/11/2016,7711181,2711216.342,12497804.67,3176011
467,4/12/2016,8268049,3447363.992,12779152.43,2842092
468,4/13/2016,8065219,3571717.584,12537547.21,3217583
469,4/14/2016,7868230,2937072.728,12475905.62,3278038
470,4/15/2016,7830709,3239334.137,12651905.21,2976000
471,4/16/2016,8541698,3748401.835,13217605.71,3439898
472,4/17/2016,8802712,4012213.085,13506901.24,3025996
473,4/18/2016,8243421,3502912.221,12859981.87,3397948
474,4/19/2016,8813965,3851561.752,13458894.79,3070778
475,4/20/2016,8610867,3960749.338,12790888.37,3450438
476,4/21/2016,8399822,3859609.908,13301341.61,3512333
477,4/22/2016,8334958,3824497.616,13243610.56,3208893
478,4/23/2016,9006140,4095184.243,13606563.72,3668468
479,4/24/2016,9216017,4532935.462,13694616.29,3247284
480,4/25/2016,8595661,3948690.371,13706289.83,3608997
481,4/26/2016,9096855,4690615.868,13835286.02,3268676
482,4/27/2016,8817958,4135506.739,13693060.93,3632364
483,4/28/2016,8526645,3962757.252,13009629.5,3675604
484,4/29/2016,8379121,4318417.561,13161783.92,3351010
485,4/30/2016,8967365,4213877.997,13829898.69,3787160
486,5/1/2016,9096125,4620402.628,13939168.45,3340559
487,5/2/2016,8398502,3665454.301,13131556.53,3675179
488,5/3/2016,8828186,4298918.991,14023933.3,3306452
489,5/4/2016,8485271,4063144.6,13089015.89,3640817
490,5/5/2016,8138949,3429371.84,12550791.01,3654246
491,5/6/2016,7946690,3410511.451,12609205.96,3299807
492,5/7/2016,8501448,3591089.424,13200065.04,3706555
493,5/8/2016,8608639,4624900.891,13406238.12,3231477
494,5/9/2016,7901702,3063546.409,12170493.84,3539036
495,5/10/2016,8334337,3756597.347,13241465.99,3145143
496,5/11/2016,8006311,3323778.388,12804563.36,3456703
497,5/12/2016,7686177,2614621.21,12443222.33,3450127
498,5/13/2016,7530460,3061809.036,12014345.19,3078885
499,5/14/2016,8130904,3593642.758,12770215.66,3472387
500,5/15/2016,8291472,3443481.441,12615345.89,2987920
501,5/16/2016,7643962,3007187.122,12300910.13,3290184
502,5/17/2016,8140281,3691786.898,13016219.6,2895253
503,5/18/2016,7878309,3216810.618,12671861.35,3210116
504,5/19/2016,7624667,3010750.243,12340325.4,3211187
505,5/20/2016,7533960,3006691.502,12148292.08,2851849
506,5/21/2016,8196078,3780801.525,13023653.03,3261339
507,5/22/2016,8413247,3808553.601,12969703.44,2796683
508,5/23/2016,7815693,2955080.464,12654886.88,3122235
509,5/24/2016,8353961,3503947.389,12958219.84,2753641
510,5/25/2016,8124822,3325252.553,13122692.83,3097392
511,5/26/2016,7894062,3170581.444,12718271.79,3129335
512,5/27/2016,7815756,3338667.004,12382808.17,2802236
513,5/28/2016,8479580,3704573.789,13192943.47,3244673
514,5/29/2016,8687869,4202191.277,13576256.16,2812982
515,5/30/2016,8071279,3493957.333,12480196.35,3170815
516,5/31/2016,8581089,4214116.405,13651264.4,2833122
517,6/1/2016,8315090,3692977.191,13555665.32,3205711
518,6/2/2016,8040345,3621567.444,12564629.66,3263786
519,6/3/2016,7912423,3273540.536,12622122.8,2959516
520,6/4/2016,8522669,3572646.177,13082018.81,3420948
521,6/5/2016,8675218,4109952.984,13386324.41,3003967
522,6/6/2016,8002596,3341250.059,12687677.04,3371862
523,6/7/2016,8457977,3988653.847,13002222.85,3039322
524,6/8/2016,8141007,3364360.024,12604197.72,3412002
525,6/9/2016,7820519,2913555.018,12567781.18,3465066
526,6/10/2016,7653710,3013632.916,12142800.55,3150758
527,6/11/2016,8233360,3497360.896,12701008.3,3597317
528,6/12/2016,8364808,3963034.901,13394734.11,3160932
529,6/13/2016,7681514,2888244.485,12364288.86,3505302
530,6/14/2016,8137284,3642399.966,12640705.96,3145620
531,6/15/2016,7832079,3299636.881,12294787.58,3488138
532,6/16/2016,7534711,2739847.169,12089523.67,3508681
533,6/17/2016,7402021,3093219.427,11885966.67,3160217
534,6/18/2016,8026109,3310732.525,12729594.9,3571741
535,6/19/2016,8211317,3481470.89,12788806.52,3100223
536,6/20/2016,7589823,2871606.281,11944501.46,3410142
537,6/21/2016,8113900,3506357.852,12802514.28,3017454
538,6/22/2016,7881761,3329776,12209404.89,3329131
539,6/23/2016,7660307,3130309.651,12213780.28,3321665
540,6/24/2016,7604357,3013763.554,12215223.2,2948616
541,6/25/2016,8303929,3823774.668,12782388.42,3339483
542,6/26/2016,8561287,3845014.258,13265468.22,2851636
543,6/27/2016,8006593,3363925.366,12646262.33,3149840
544,6/28/2016,8590219,3998945.196,12881489.74,2750219
545,6/29/2016,8408649,3857586.145,12713857.33,3059787
546,6/30/2016,8227278,3697855.575,12851933.72,3054951
547,7/1/2016,8199685,3564178.759,12768870.62,2689062
548,7/2/2016,8914952,4132465.479,13361414.91,3091294
549,7/3/2016,9174739,4397392.349,14298794.2,2618577
550,7/4/2016,8608956,4212175.893,12972132.36,2935146
551,7/5/2016,9168087,4249019.202,13631399.62,2556504
552,7/6/2016,8949091,4394276.745,13921510.57,2888983
553,7/7/2016,8718192,3898535.922,13026513.23,2908258
554,7/8/2016,8630131,3903767.53,13173788.99,2566923
555,7/9/2016,9275459,4542242,13739329.87,2993384
556,7/10/2016,9457572,4812116.081,14159285.92,2543824
557,7/11/2016,8808337,4251140.737,13646921.52,2881762
558,7/12/2016,9280368,4575979.406,13873463.83,2522045
559,7/13/2016,8972866,3851709.103,13735883.74,2870421
560,7/14/2016,8654351,4248266.102,13420023.73,2902076
561,7/15/2016,8481852,3607448.722,12995102.47,2569215
562,7/16/2016,9048135,4483817.21,13870595.52,2999979
563,7/17/2016,9158679,4882969.299,13845454.36,2550405
564,7/18/2016,8447247,3652692.042,13234326.15,2884000
565,7/19/2016,8868102,4079073.086,13046286.28,2515728
566,7/20/2016,8521809,3884874.396,13045820.41,2851580
567,7/21/2016,8177921,3569142.969,12965838.15,2867109
568,7/22/2016,7994141,3325870.358,13087265.98,2514999
569,7/23/2016,8563535,3787598.423,13123457.09,2923969
570,7/24/2016,8691488,4095876.199,13560128.57,2450716
571,7/25/2016,8011282,3162971.404,12664549.38,2759472
572,7/26/2016,8476323,3832722.902,13210666.3,2365971
573,7/27/2016,8185960,3520958.454,12788467.97,2676998
574,7/28/2016,7908207,3051075.81,12744798.45,2668899
575,7/29/2016,7798945,3123655.789,12384920.84,2295132
576,7/30/2016,8449176,3679147.671,13219029.62,2685142
577,7/31/2016,8662047,3764489.24,13233108.51,2196293
578,8/1/2016,8068476,3282138.334,12674439.38,2493396
579,8/2/2016,8619450,4132390.536,13173594.94,2092666
580,8/3/2016,8411909,3630593.07,12609476.24,2401255
581,8/4/2016,8211530,3498521.028,12900178.01,2395751
582,8/5/2016,8171999,3706418.848,12835921.67,2029720
583,8/6/2016,8882323,4879327.113,13476217.85,2432581
584,8/7/2016,9143908,4666296.97,14102392.03,1961536
585,8/8/2016,8586236,3783458.31,12964382.49,2281102
586,8/9/2016,9159205,4536636.295,13318787.63,1907078
587,8/10/2016,8959042,4182417.272,13340728.28,2246087
588,8/11/2016,8751112,4190223.729,13568753.9,2274092
589,8/12/2016,8689196,4109448.753,13518571.29,1943952
590,8/13/2016,9362806,4570645.403,13676615.33,2384321
591,8/14/2016,9574254,5065658.703,14356016.14,1951599
592,8/15/2016,8954300,4159582.96,13882839.59,2309485
593,8/16/2016,9454466,4585795.733,14317772.93,1972964
594,8/17/2016,9172902,4010272.406,13769177.12,2347880
595,8/18/2016,8877148,3984951.04,13923818.23,2409467
596,8/19/2016,8723351,4205556.658,13316234.45,2109930
597,8/20/2016,9303521,4659148.506,14010633.45,2577359
598,8/21/2016,9422528,4578779.83,13908652.22,2167697
599,8/22/2016,8713687,4011443.659,12748722.04,2544304
600,8/23/2016,9130997,4498368.603,13859607.76,2221958
601,8/24/2016,8774941,3941432.074,13621969.36,2606425
602,8/25/2016,8415188,3720833.773,13357325.17,2672994
603,8/26/2016,8209744,3300392.915,12534357.36,2374060
604,8/27/2016,8752165,4060204.906,13382846.99,2838024
605,8/28/2016,8848499,4492281.1,13374988.24,2421248
606,8/29/2016,8132849,3305632.453,12054410.02,2787616
607,8/30/2016,8559577,4047484.155,13269963.86,2452504
608,8/31/2016,8229102,3223936.688,12880540.29,2822338
609,9/1/2016,7910591,3050727.432,12185053.58,2873106
610,9/2/2016,7761128,3095157.648,12530829.98,2557911
611,9/3/2016,8372944,3713726.534,13206365.93,3005854
612,9/4/2016,8550395,3626819.091,12934245.63,2573966
613,9/5/2016,7925565,3202960.262,12393950.35,2926735
614,9/6/2016,8450524,3882453.949,12857604.4,2580068
615,9/7/2016,8223181,3369627.778,12872590.83,2940820
616,9/8/2016,8010045,3291954.474,12414571.34,2985295
617,9/9/2016,7965460,3315183.976,12392812.98,2666782
618,9/10/2016,8678908,4042099.879,13218896.46,3114433
619,9/11/2016,8952058,4267686.978,13682204.92,2685187
620,9/12/2016,8414443,3808531.926,13189108.83,3043301
621,9/13/2016,9015779,4014511.383,13474870.54,2704311
622,9/14/2016,8851891,4005256.298,13730125.05,3074573
623,9/15/2016,8687520,4033602.858,13146296.34,3129778
624,9/16/2016,8675614,3937220.262,13548553.53,2822506
625,9/17/2016,9404659,4767627.45,13726083.23,3281121
626,9/18/2016,9675770,5242095.612,14432521.95,2861723
627,9/19/2016,9118370,4474650.59,13919301.35,3227704
628,9/20/2016,9682527,4991787.525,14560401.98,2893738
629,9/21/2016,9464862,4922026.283,14076192.98,3265351
630,9/22/2016,9231344,4577049.793,13653070.5,3317463
631,9/23/2016,9136549,4527327.554,13577346.09,3001973
632,9/24/2016,9770953,5057584.531,14310270.84,3446681
633,9/25/2016,9937968,5025013.577,15058306.01,3007260
634,9/26/2016,9269568,4436357.75,13806439.35,3346836
635,9/27/2016,9718562,5287194.169,14319978.13,2979993
636,9/28/2016,9384428,5004498.922,14080858.65,3312361
637,9/29/2016,9036040,4296454.797,13501757.2,3319153
638,9/30/2016,8830850,4323499.346,13502926.01,2952764
639,10/1/2016,9362108,4745062.268,13815982.24,3341681
640,10/2/2016,9435831,4793527.067,14059363.81,2842448
641,10/3/2016,8686360,3971560.954,13231575.17,3119234
642,10/4/2016,9068567,4485252.504,13551880.46,2687811
643,10/5/2016,8683648,3980253.489,13262896.54,2955120
644,10/6/2016,8301798,3336468.133,12740428.43,2897781
645,10/7/2016,8081359,3821650.17,12724327.26,2469654
646,10/8/2016,8616022,4292994.634,13087649.42,2800717
647,10/9/2016,8711781,4354833.667,13247564.08,2248991
648,10/10/2016,8002488,3464089.815,12916022.93,2480069
649,10/11/2016,8442082,3626528.025,13044034.73,2011057
650,10/12/2016,8130392,3493621.967,12683434.47,2250103
651,10/13/2016,7835854,3663849.58,12525807.49,2174869
652,10/14/2016,7714705,3216351.245,12641737.67,1740062
653,10/15/2016,8358230,3493154.64,13053751.04,2076285
654,10/16/2016,8569782,3701674.841,13245191.73,1541938
655,10/17/2016,7980402,3249043.852,12818492.99,1802727
656,10/18/2016,8541114,3756378.429,13060583.57,1375601
657,10/19/2016,8348805,3729213.342,13059688.4,1668268
658,10/20/2016,8169013,3623376.4,12976429.1,1657675
659,10/21/2016,8155189,3934874.184,13172003.01,1297550
660,10/22/2016,8896020,3666863.675,13482941.83,1717262
661,10/23/2016,9192503,4471572.108,13817919.95,1273751
662,10/24/2016,8673630,3812359.035,13457670.93,1631066
663,10/25/2016,9288725,4848595.938,13925415.26,1304333
664,10/26/2016,9133372,4449064.662,13848156.19,1699313
665,10/27/2016,8972228,4377818.183,13786941.23,1790925
666,10/28/2016,8958305,4306901.842,13716485.64,1530832
667,10/29/2016,9680304,4974451.057,14303261.52,2046349
668,10/30/2016,9939686,5001625.67,14265598.44,1692425
669,10/31/2016,9366340,4569819.766,13558053.56,2131221
670,11/1/2016,9910903,5521849.019,14534996.96,1876129
671,11/2/2016,9670648,5001715.322,14425577.22,2331372
672,11/3/2016,9412255,4463482.066,13952986.11,2470563
673,11/4/2016,9291045,4356345.549,14094505.06,2244323
674,11/5/2016,9898254,5059603.835,14523075.49,2779222
675,11/6/2016,10038040,5468156.311,14610672.25,2429776
676,11/7/2016,9343093,4362010.126,13953349.3,2858039
677,11/8/2016,9766875,5035793.235,14457639.13,2577630
678,11/9/2016,9409452,4432028.338,13941824.38,2993325
679,11/10/2016,9040188,4446855.592,13520136.84,3079613
680,11/11/2016,8816925,3966763.464,13541468.13,2788290
681,11/12/2016,9333192,4837494.829,13770408.67,3247377
682,11/13/2016,9395163,5013352.228,13839285.74,2813082
683,11/14/2016,8637216,4251789.868,13258463.48,3149359
684,11/15/2016,9014144,4304922.442,13619133.95,2771887
685,11/16/2016,8626949,3875490.178,13208094.31,3087619
686,11/17/2016,8245527,3470485.503,12770051.39,3073281
687,11/18/2016,8027831,3322649.492,12606629.62,2682922
688,11/19/2016,8567085,4140348.259,13444925.26,3046773
689,11/20/2016,8668755,3812573.388,13329553.07,2523165
690,11/21/2016,7966123,3105356.519,12417486.61,2778030
691,11/22/2016,8412531,3372893.282,13485297.13,2328841
692,11/23/2016,8107213,3383822.277,12895562.03,2584114
693,11/24/2016,7818022,2812030.052,12372683.41,2521876
694,11/25/2016,7700642,2938152.14,12526792.19,2097183
695,11/26/2016,8345863,3326205.687,13097749.14,2440954
696,11/27/2016,8556600,3778084.806,13386719.2,1911877
697,11/28/2016,7963535,3335258.424,12275742.27,2175904
698,11/29/2016,8517420,3815366.586,13366847.48,1750188
699,11/30/2016,8314962,3757637.833,13016220.7,2042597
700,12/1/2016,8121613,3412522.194,12437159.37,2030200
701,12/2/2016,8090835,3299337.634,12753262.04,1666803
702,12/3/2016,8811416,4062278.213,13379820.5,2081827
703,12/4/2016,9084541,4674053.287,14142086.08,1632235
704,12/5/2016,8539464,3705085.054,13353399.79,1982082
705,12/6/2016,9125838,4701848.773,13747748.59,1646493
706,12/7/2016,8939628,4341511.73,13559847.12,2031225
707,12/8/2016,8745903,3786651.396,13164910.88,2111208
708,12/9/2016,8698114,3694723.416,13206532.26,1838128
709,12/10/2016,9385402,5118109.938,14134934.55,2339356
710,12/11/2016,9609654,5035775.675,14325259.12,1969926
711,12/12/2016,9001164,4316754.362,13262075.61,2392125
712,12/13/2016,9510926,4928473.091,14244290.49,2119515
713,12/14/2016,9236521,4758033.118,13729903.19,2556531
714,12/15/2016,8944874,4131674.05,13529433.24,2677045
715,12/16/2016,8791479,4161802.883,13361667.54,2431979
716,12/17/2016,9367673,4862303.165,14223009.66,2948244
717,12/18/2016,9477639,4754170.943,14456220.09,2580728
718,12/19/2016,8754015,3852262.518,13330582.12,2991883
719,12/20/2016,9150148,4304625.072,13844855.31,2695741
720,12/21/2016,8765922,4071560.769,13613387.54,3097498
721,12/22/2016,8370474,3642309.874,13195370.78,3172055
722,12/23/2016,8121377,3562764.294,12775167.53,2871601
723,12/24/2016,8611871,4096815.213,13199249.88,3324520
724,12/25/2016,8647834,3743895.39,13071883.72,2887340
725,12/26/2016,7863357,3313834.211,12397406.37,3224282
726,12/27/2016,8212977,3567885.863,12618640.7,2851226
727,12/28/2016,7797483,2921563.472,12392622.47,3175251
728,12/29/2016,7386620,2832365.969,12114989.29,3173131
729,12/30/2016,7138266,2679205.248,11565279.31,2798876
730,12/31/2016,7645657,3266135.072,12560725.41,3182589
731,1/1/2017,7714370,3100136.314,12372664.89,2682383
732,1/2/2017,6977904,2435435.689,11318796.4,2963886
733,1/3/2017,7389927,2938783.922,12104575.39,2544181
734,1/4/2017,7050106,2468309.094,11305339.78,2831322
735,1/5/2017,6726834,1834233.969,11146913.76,2802805
736,1/6/2017,6576432,1899375.218,11241866.79,2413101
737,1/7/2017,7190412,2150870.563,11878149.87,2792501
738,1/8/2017,7372487,2615558.203,11653401.25,2299039
739,1/9/2017,6754191,1719143.241,11417456.33,2598002
740,1/10/2017,7287159,2405125.849,11973499.5,2205882
741,1/11/2017,7068997,2810926.952,12195327.5,2529908
742,1/12/2017,6866044,2374936.407,11328610.07,2546549
743,1/13/2017,6832609,2429359.463,11570863.6,2209069
744,1/14/2017,7558269,2848655.955,12355255.66,2646411
745,1/15/2017,7844910,2984741.901,12738317.54,2215144
746,1/16/2017,7322379,2869521.374,11918307.6,2579024
747,1/17/2017,7940788,3069167.887,12428760.97,2252976
748,1/18/2017,7796413,2767040.305,12815374.16,2642668
749,1/19/2017,7654467,2844007.207,12283869.83,2723049
750,1/20/2017,7668367,2563962.619,12274445.96,2445937
751,1/21/2017,8427034,3680003.844,13195701.1,2938943
752,1/22/2017,8731945,4046267.512,13506065.45,2557446
753,1/23/2017,8212793,3134862.399,12699632.27,2964171
754,1/24/2017,8819794,4015843.471,13509882.3,2673200
755,1/25/2017,8649570,3952056.762,13393027.79,3089558
756,1/26/2017,8467934,3660494.192,13165891.13,3187765
757,1/27/2017,8429129,3653391.348,12885328.19,2919423
758,1/28/2017,9123119,4679239.782,13981695.03,3412145
759,1/29/2017,9352630,4841013.795,13612755.84,3021516
760,1/30/2017,8748779,3901419.728,13409160.51,3410673
761,1/31/2017,9263357,4677759.506,13995228.25,3094289
762,2/1/2017,8994697,4319208.465,13877480.52,3478146
763,2/2/2017,8710415,3853031.649,12930262.63,3537658
764,2/3/2017,8566628,4009593.585,12849889.45,3225442
765,2/4/2017,9155213,4432554.512,13587502.27,3670210
766,2/5/2017,9280810,4775771.801,13859250.89,3228706
767,2/6/2017,8576422,4130038.784,13139448.48,3565254
768,2/7/2017,8995666,4476129.114,13958703.23,3195716
769,2/8/2017,8638605,4301724.422,13088282.25,3527031
770,2/9/2017,8274462,3648475.727,12990153.56,3535720
771,2/10/2017,8060806,3231697.083,13119891.65,3175423
772,2/11/2017,8590788,3634037.531,13802590.29,3575774
773,2/12/2017,8670113,4076176.287,13463036.73,3094322
774,2/13/2017,7932627,2868011.644,12781205.49,3396060
775,2/14/2017,8332545,3267256.134,12983401.8,2997372
776,2/15/2017,7970273,3058785.515,12994607.52,3305570
777,2/16/2017,7615111,2789087.419,12329142.96,3297390
778,2/17/2017,7424439,2858506.961,11962387.79,2926533
779,2/18/2017,7990947,2981297.235,12764864.48,3322546
780,2/19/2017,8119621,3437069.268,12752283.62,2842749
781,2/20/2017,7443334,2682283.958,12128721.8,3151776
782,2/21/2017,7915095,3687282.011,12571310.7,2765538
783,2/22/2017,7633887,3015952.499,12349658.35,3090773
784,2/23/2017,7367401,2521486.777,12208718.08,3103564
785,2/24/2017,7271244,2390624.137,11548135.28,2756898
786,2/25/2017,7936210,3301456.342,12762105.42,3179567
787,2/26/2017,8165297,3640715.934,12888629.69,2728114
788,2/27/2017,7589336,2891692.253,12144774.01,3066396
789,2/28/2017,8159286,3462424.284,12703158.91,2709567
790,3/1/2017,7972109,3240515.462,12754833.33,3063642
791,3/2/2017,7793544,2997874.45,12169579.35,3104035
792,3/3/2017,7777360,3348876.292,12595857.92,2783128
793,3/4/2017,8512665,3747144.036,13171868.39,3229186
794,3/5/2017,8800956,4751278.133,13340059.04,2798314
795,3/6/2017,8271789,3710235.08,12949872.95,3154023
796,3/7/2017,8875094,4258252.715,13950713.89,2811216
797,3/8/2017,8707081,3937586.273,13147609.9,3175761
798,3/9/2017,8533030,4108080.6,13139634.62,3223014
799,3/10/2017,8506560,4020099.405,13290621.75,2905401
800,4/1/2017,8288474,3401130.541,12858479.49,3313196
801,5/1/2017,8515665,3892476.126,12865080.24,3836451
802,6/1/2017,8086482,3572722.446,12959613.47,3386454
803,7/1/2017,8851632,4111742.588,13549826.07,3285284
804,8/1/2017,8596181,4090287.885,13468901.09,2300336
805,9/1/2017,7848429,3548844.239,12616863.88,2691703
806,10/1/2017,9611631,5131329.168,13938380.73,3063189
807,11/1/2017,9672568,4915568.502,14620836.04,2353533
808,12/1/2017,8028629,3287929.935,12879635.35,1863207
809,1/1/2018,7146943,2446208.14,12122297.05,3191695
810,2/1/2018,8767421,4345311.766,13376851.61,3657005
811,3/1/2018,7722108,3088502.162,12310639.5,3248943
